{
  "name": "CoTSaveExportMod",
  "version": "0.0.1",
  "styleFileList": [],
  "scriptFileList": [
    "a.js"
  ],
  "tweeFileList": [],
  "imgFileList": [],
  "addonPlugin": [
    {
      "modName": "TweeReplacer",
      "addonName": "TweeReplacerAddon",
      "modVersion": "^1.6.0",
      "params": [
        {
          "passage": "SavesList",
          "findRegex": "(?<=DeleteSavesConfirm'\\)\\.processText\\(\\)\\);SugarCube\\.Dialog\\.open\\(\\);\">.*?</button>).*?(?=</li>)",
          "replace": "<button id=\"CoTSaveExportMod\" type=\"button\" role=\"button\" tabindex=\"0\" onclick=\"document.getElementById('saveDataInput').value = SugarCube.Save.serialize();\">导出存档</button><textarea id=\"saveDataInput\" rows=\"4\" cols=\"40\"></textarea>"
        }
      ]
    }
  ],
  "dependenceInfo": [
    {
      "modName": "TweeReplacer",
      "version": "^1.6.0"
    },
    {
      "modName": "ModLoader",
      "version": "^2.16.3"
    }
  ]
}