{
  "name": "EasyCheatNPCInclinations",
  "version": "1.0",
  "styleFileList": [],
  "scriptFileList": [],
  "tweeFileList": [],
  "imgFileList": [],
  "addonPlugin": [
    {
      "modName": "TweeReplacer",
      "addonName": "TweeReplacerAddon",
      "modVersion": "1.6.0",
      "params": [
        {
          "passage": "CheatNPCInclinations",
          "findString": "<<if setup.people.is_special($npctodisplay)>>",
          "replace": "<br>这里列出了所有的NPC倾向，请自行复制英文部分到上面赋予<br><<for _clination range Object.entries(setup.inclinations)>><<capture _clination>><<if typeof(_clination[1]) == 'object'>>_clination[0]: <<= _clination[1].description>><br><</if>><</capture>><</for>><br><<if setup.people.is_special($npctodisplay)>>"
        }
      ]
    }
  ],
  "dependenceInfo": [
    {
      "modName": "TweeReplacer",
      "version": "1.6.0"
    }
  ]
}