{
  "name": "NoLGBTMod",
  "version": "0.0.1",
  "styleFileList": [],
  "scriptFileList": [
    "NoLGBTMod.js"
  ],
  "tweeFileList": [],
  "imgFileList": [],
  "addonPlugin": [
    {
      "modName": "TweeReplacer",
      "addonName": "TweeReplacerAddon",
      "modVersion": "^1.6.0",
      "params": [
        {
          "passage": "StartWidgets",
          "findString": "<<set $studentgenderdistribution to _worldgen.studentgenderdistribution>>",
          "replace": "<<set $studentgenderdistribution to _worldgen.studentgenderdistribution>><<set $studentgenderdistribution[5]=0>><<set $studentgenderdistribution[7]=0>><<set $studentgenderdistribution[9]=0>><<set $studentgenderdistribution[11]=0>>"
        },
        {
          "passage": "StartWidgets",
          "findString": "<<set $gaybonus to _worldgen.gaybonus>>",
          "replace": "<<set $gaybonus to -5>>"
        },
        {
          "passage": "StartWidgets",
          "findString": "<<set $bibonus to _worldgen.bibonus>>",
          "replace": "<<set $bibonus to -5>>"
        }
      ]
    },
    {
      "modName": "ReplacePatcher",
      "addonName": "ReplacePatcherAddon",
      "modVersion": "^1.2.1",
      "params": {
        "js": [
          {
            "from": "this.gender = pdata.species[1]",
            "to": "if (pdata.species[1]=='nonbinary afab'){this.gender='female'}else if (pdata.species[1]=='nonbinary amab'){this.gender='male'}else if (pdata.species[1]=='transgender male'){this.gender='female'}else if (pdata.species[1]=='transgender female'){this.gender='male'}else{this.gender = pdata.species[1]}",
            "fileName": "entity.js"
          },
          {
            "from": "let attlabel = this.temporary ? \"straight\" : setup.people.attraction(person).label;",
            "to": "let attlabel = \"straight\";",
            "fileName": "entity.js"
          }
        ]
      }
    }
  ],
  "dependenceInfo": [
    {
      "modName": "TweeReplacer",
      "version": "^1.6.0"
    },
    {
      "modName": "ModLoader",
      "version": "^2.16.3"
    },
    {
      "modName": "ReplacePatcher",
      "version": "1.2.1"
    }
  ]
}