{
  "name": "IconMod",
  "version": "0.1.0",
  "styleFileList": [
    "util.css"
  ],
  "scriptFileList": [],
  "tweeFileList": [
    "util.twee"
  ],
  "imgFileList": [
    "res/img/iconmod/food/pork_chop.png",
    "res/img/iconmod/food/instant_cup_noodles.png",
    "res/img/iconmod/food/milkshake.png",
    "res/img/iconmod/food/beer.png",
    "res/img/iconmod/food/cup_of_tea.png",
    "res/img/iconmod/food/bagel.png",
    "res/img/iconmod/food/bag_of_cookies.png",
    "res/img/iconmod/food/cocktail.png",
    "res/img/iconmod/food/cup_of_coffee.png",
    "res/img/iconmod/food/chicken_nuggets.png",
    "res/img/iconmod/food/lasagna.png",
    "res/img/iconmod/food/pancake_mix.png",
    "res/img/iconmod/food/chicken_wings.png",
    "res/img/iconmod/food/protein_bar.png",
    "res/img/iconmod/food/rum.png",
    "res/img/iconmod/food/chicken_soup.png",
    "res/img/iconmod/food/granola_bar.png",
    "res/img/iconmod/food/plant-based_burger.png",
    "res/img/iconmod/food/bag_of_chips.png",
    "res/img/iconmod/food/lentil_soup.png",
    "res/img/iconmod/food/gummy_worms.png",
    "res/img/iconmod/food/bottle_of_soda.png",
    "res/img/iconmod/food/can_of_energy_drink.png",
    "res/img/iconmod/food/raw_chicken.png",
    "res/img/iconmod/food/protein_powder.png",
    "res/img/iconmod/food/miso_risotto.png",
    "res/img/iconmod/food/energy_shot.png",
    "res/img/iconmod/food/carton_of_milk.png",
    "res/img/iconmod/food/cereal.png",
    "res/img/iconmod/food/sandwich_half.png",
    "res/img/iconmod/food/candy_bar.png",
    "res/img/iconmod/food/corn_chowder.png",
    "res/img/iconmod/food/nachos.png",
    "res/img/iconmod/food/chicken_tenders.png",
    "res/img/iconmod/food/pancakes.png",
    "res/img/iconmod/food/wine.png",
    "res/img/iconmod/food/fried_tofu.png",
    "res/img/iconmod/food/toasted_bagel.png",
    "res/img/iconmod/food/eggs.png",
    "res/img/iconmod/food/cup_of_water.png",
    "res/img/iconmod/food/can_of_cola.png",
    "res/img/iconmod/food/sandwich.png",
    "res/img/iconmod/food/tequila.png",
    "res/img/iconmod/food/scrambled_eggs.png",
    "res/img/iconmod/food/vodka.png",
    "res/img/iconmod/food/salad.png",
    "res/img/iconmod/food/fish_filet_sandwich.png",
    "res/img/iconmod/food/boxed_mac_&_cheese.png",
    "res/img/iconmod/food/pretzels.png",
    "res/img/iconmod/food/lobster.png",
    "res/img/iconmod/food/fried_rice.png",
    "res/img/iconmod/food/bacon_muffin.png",
    "res/img/iconmod/food/cup_of_cola.png",
    "res/img/iconmod/food/bottle_of_water.png",
    "res/img/iconmod/food/hamburger.png",
    "res/img/iconmod/food/martini.png",
    "res/img/iconmod/food/ground_coffee.png",
    "res/img/iconmod/food/eggs_and_bacon.png",
    "res/img/iconmod/food/fries.png",
    "res/img/iconmod/food/cheeseburger.png",
    "res/img/iconmod/food/margarita.png",
    "res/img/iconmod/food/steak.png",
    "res/img/iconmod/food/bread.png",
    "res/img/iconmod/food/instant_oatmeal.png",
    "res/img/iconmod/food/bacon_&_egg_muffin.png",
    "res/img/iconmod/food/vegan_lasagna.png",
    "res/img/iconmod/food/protein_shake.png",
    "res/img/iconmod/food/mixed_vegetables.png",
    "res/img/iconmod/food/toast.png",
    "res/img/iconmod/food/slice_of_pizza.png",
    "res/img/iconmod/food/spicy_chili.png"
  ],
  "addonPlugin": [
    {
      "modName": "TweeReplacer",
      "addonName": "TweeReplacerAddon",
      "modVersion": "^1.6.0",
      "params": [
        {
          "passage": "DormFoodStash",
          "findString": "<<link _linkname \"DormFoodStash\">>",
          "replace": "<<foodicon _food>><<link _linkname \"DormFoodStash\">>"
        },
        {
          "passage": "EventHangoutDinnerOrderFood",
          "findString": "<<link _linkname EventHangoutDinnerOrderFoodReceive>>",
          "replace": "<<foodicon _food>><<link _linkname EventHangoutDinnerOrderFoodReceive>>"
        },
        {
          "passage": "InventorySnacks",
          "findString": "<<link _linkname InventorySnacks>>",
          "replace": "<<foodicon _food>><<link _linkname InventorySnacks>>"
        },
        {
          "passage": "SimpleShopMenu",
          "findString": "<<link _shopitem.label \"ShopMenu\">>",
          "replace": "<<foodicon _shopitem.item>><<link _shopitem.label \"ShopMenu\">>"
        },
        {
          "passage": "SimpleShopMenu",
          "findString": "<<link _shopitem.label $lastlocpassage>>",
          "replace": "<<foodicon _shopitem.item>><<link _shopitem.label $lastlocpassage>>"
        }
      ]
    },
    {
      "modName": "ReplacePatcher",
      "addonName": "ReplacePatcherAddon",
      "modVersion": "^1.2.1",
      "params": {
        "js": [
          {
            "from": "if (emoji && !noemoji && !tags().includes(\"suppressemoji\"))",
            "to": "if (emoji && !noemoji && !tags().includes(\"suppressemoji\") && emoji!='🍻')",
            "fileName": "macros.js"
          }
        ]
      }
    },
    {
      "modName": "ImageLoaderHook",
      "addonName": "ImageLoaderAddon",
      "modVersion": "^2.12.1",
      "params": []
    }
  ],
  "dependenceInfo": [
    {
      "modName": "TweeReplacer",
      "version": "^1.6.0"
    },
    {
      "modName": "ModLoader",
      "version": "^2.16.3"
    },
    {
      "modName": "ModLoader ImageLoaderHookCore",
      "version": "^2.12.1"
    }
  ]
}