{
  "name": "ReSubClothes",
  "version": "0.1.0",
  "styleFileList": [],
  "scriptFileList": [
    "func.js"
  ],
  "tweeFileList": [
    "w.twee"
  ],
  "imgFileList": [],
  "addonPlugin": [
    {
      "modName": "TweeReplacer",
      "addonName": "TweeReplacerAddon",
      "modVersion": "^1.6.0",
      "params": [
        {
          "passage": "ClothesMenu",
          "findString": "<<set _stained to _clothing.get_property(\"stains\")>>",
          "replace": "<<set _stained to _clothing.get_property(\"stains\")>><<ReSubClothes>>"
        }
      ]
    }
  ],
  "dependenceInfo": [
    {
      "modName": "TweeReplacer",
      "version": "^1.6.0"
    },
    {
      "modName": "ModLoader",
      "version": "^2.16.3"
    }
  ]
}