{
  "name": "WhoIsHere",
  "version": "0.0.2",
  "styleFileList": [],
  "scriptFileList": [
    "wihscript.js"
  ],
  "tweeFileList": [],
  "imgFileList": [],
  "addonPlugin": [
    {
      "modName": "TweeReplacer",
      "addonName": "TweeReplacerAddon",
      "modVersion": "^1.6.0",
      "params": [
        {
          "passage": "PassageFooter",
          "findString": "<<if tags().includes(\"streaming\")>><<streamchat>><</if>>",
          "replace": "<br><<= window.who_is_here()>><br><<if tags().includes(\"streaming\")>><<streamchat>><</if>>"
        }
      ]
    }
  ],
  "dependenceInfo": [
    {
      "modName": "TweeReplacer",
      "version": "^1.6.0"
    },
    {
      "modName": "ModLoader",
      "version": "^2.16.3"
    }
  ]
}